0,1,2,3,4
1,False,False,10.0,-0.008835526147571082
1,False,False,20.0,0.04525463933483789
1,False,False,30.0,-0.017846925248684208
1,False,False,40.0,-0.017431022610949344
1,False,False,50.0,-0.031203066245823665
1,False,False,60.0,-0.030200120966234312
1,False,False,70.0,-0.052066080040892485
1,False,False,80.0,-0.03323429154276426
1,False,False,90.0,-0.057546013880729205
1,False,False,100.0,-0.03753990039174326
1,False,False,110.0,-0.023521811138912115
1,False,False,120.0,-0.013123794147984341
1,False,False,130.0,-0.0010735066772703825
1,False,False,140.0,-0.015544607963125817
1,False,False,150.0,0.018908688873658576
1,False,False,160.0,0.035388485557290086
1,False,True,10.0,0.3196916249689118
1,False,True,20.0,0.4178328007659978
1,False,True,30.0,0.4290016867954069
1,False,True,40.0,0.4127367822685944
1,False,True,50.0,0.40990529626409183
1,False,True,60.0,0.3752919489073452
1,False,True,70.0,0.395760451394765
1,False,True,80.0,0.42370070938759785
1,False,True,90.0,0.4189760874534815
1,False,True,100.0,0.4376551487194153
1,False,True,110.0,0.4513866572672795
1,False,True,120.0,0.4500662712680903
1,False,True,130.0,0.41603182926515814
1,False,True,140.0,0.4383732069919483
1,False,True,150.0,0.5094370564180162
1,False,True,160.0,0.5356508224533965
1,False,True,170.0,0.33507462679172934
1,True,False,10.0,-0.41862188902410247
1,True,False,20.0,-0.4948077167089165
1,True,False,30.0,-0.5351522178004792
1,True,False,40.0,-0.5700677406238607
1,True,False,50.0,-0.5679713157973896
1,True,False,60.0,-0.5621544537954642
1,True,False,70.0,-0.5707150250005134
1,True,False,80.0,-0.5782646847182155
1,True,False,90.0,-0.5637719349074497
1,True,False,100.0,-0.5681247090084096
1,True,False,110.0,-0.5548045265972557
1,True,False,120.0,-0.5520319619994616
1,True,False,130.0,-0.5970304935069214
1,True,False,140.0,-0.6506916043643798
1,True,False,150.0,-0.6364645722116198
1,True,False,160.0,-0.5961487439296772
1,True,True,0.0,0.0005180204042715659
1,True,True,10.0,-0.03821888147574503
1,True,True,20.0,-0.05844827152511894
1,True,True,30.0,-0.08860702738944956
1,True,True,40.0,-0.06825097877741665
1,True,True,50.0,-0.08611295000717531
1,True,True,60.0,-0.09039793989249016
1,True,True,70.0,-0.09582318332314035
1,True,True,80.0,-0.10053397260798151
1,True,True,90.0,-0.10281714273461805
1,True,True,100.0,-0.10360180352777519
1,True,True,110.0,-0.11056909979545684
1,True,True,120.0,-0.12122710376480791
1,True,True,130.0,-0.10559700227729787
1,True,True,140.0,-0.12906445921009413
1,True,True,150.0,-0.09771024433010853
1,True,True,160.0,-0.08154426856687567
1,True,True,170.0,-0.4540577903150621
2,False,False,10.0,-0.00830012002475358
2,False,False,20.0,-0.009791426472291205
2,False,False,30.0,0.007031236966985462
2,False,False,40.0,-0.01901571663780861
2,False,False,50.0,-0.00913613959565821
2,False,False,60.0,0.0008513005908669558
2,False,False,70.0,0.014018449782505585
2,False,False,80.0,0.008004328998887474
2,False,False,90.0,-0.003390346000487358
2,False,False,100.0,-0.019166588912240712
2,False,False,110.0,-0.01939773177692474
2,False,False,120.0,-0.013642786777812133
2,False,False,130.0,-0.004422339819172771
2,False,False,140.0,-0.02303577769199312
2,False,False,150.0,-0.110175290492987
2,False,False,160.0,-0.21207109180934103
2,False,True,10.0,0.4239528489719812
2,False,True,20.0,0.49624481068992243
2,False,True,30.0,0.5064834954455699
2,False,True,40.0,0.551110823285078
2,False,True,50.0,0.5327683993899183
2,False,True,60.0,0.5550480903361867
2,False,True,70.0,0.5626407191694704
2,False,True,80.0,0.5510522290237949
2,False,True,90.0,0.564317179448893
2,False,True,100.0,0.5579062819344672
2,False,True,110.0,0.5498069211253942
2,False,True,120.0,0.5648340625495043
2,False,True,130.0,0.6395446010666911
2,False,True,140.0,0.6889020275895505
2,False,True,150.0,0.5597405519315876
2,False,True,160.0,0.09761421581293839
2,True,False,10.0,-0.31786565591506444
2,True,False,20.0,-0.35015559141853203
2,True,False,30.0,-0.4301098453623466
2,True,False,40.0,-0.3873034446414595
2,True,False,50.0,-0.39137315567341086
2,True,False,60.0,-0.3636716022493781
2,True,False,70.0,-0.3726331406579176
2,True,False,80.0,-0.36562455903157753
2,True,False,90.0,-0.3883920109812723
2,True,False,100.0,-0.4320349352641785
2,True,False,110.0,-0.4454430488716289
2,True,False,120.0,-0.42790590211607876
2,True,False,130.0,-0.39688808098680156
2,True,False,140.0,-0.3930980713912077
2,True,False,150.0,-0.36518536134286134
2,True,False,160.0,-0.4307556970216833
2,True,False,170.0,-0.13163103997858633
2,True,True,0.0,-0.0001250867380512677
2,True,True,10.0,0.06941778450861173
2,True,True,20.0,0.10676471710303775
2,True,True,30.0,0.12586427503476
2,True,True,40.0,0.12842046060558102
2,True,True,50.0,0.13209758916751946
2,True,True,60.0,0.13016178821459995
2,True,True,70.0,0.14983389285058496
2,True,True,80.0,0.1298487309008252
2,True,True,90.0,0.1314067199119461
2,True,True,100.0,0.12692660360509372
2,True,True,110.0,0.13433722581317514
2,True,True,120.0,0.11273897266197042
2,True,True,130.0,0.16749336878586404
2,True,True,140.0,0.16948546900771488
2,True,True,150.0,0.14446675844142234
2,True,True,160.0,0.08056517755683591
2,True,True,170.0,0.12323326766083706
3,False,False,10.0,0.09447623089631715
3,False,False,20.0,0.05533703437603727
3,False,False,30.0,0.08899814495161151
3,False,False,40.0,0.08952740702923526
3,False,False,50.0,0.10700847262195057
3,False,False,60.0,0.0782355055357897
3,False,False,70.0,0.08167359883904121
3,False,False,80.0,0.07416482788244538
3,False,False,90.0,0.08841133912630725
3,False,False,100.0,0.08894721041001394
3,False,False,110.0,0.08766472198830051
3,False,False,120.0,0.07031463974603351
3,False,False,130.0,0.04247084578052514
3,False,False,140.0,0.04299366160320972
3,False,False,150.0,0.061950429038704874
3,False,False,160.0,0.15948675079645563
3,False,False,170.0,0.13943161309860608
3,False,True,10.0,0.38533957852336104
3,False,True,20.0,0.45480574513406685
3,False,True,30.0,0.532051216415498
3,False,True,40.0,0.5186745093755462
3,False,True,50.0,0.5381498524281382
3,False,True,60.0,0.531493160865537
3,False,True,70.0,0.5183176106603267
3,False,True,80.0,0.4967694912012627
3,False,True,90.0,0.5071559175632006
3,False,True,100.0,0.5246061183532813
3,False,True,110.0,0.5326194187405225
3,False,True,120.0,0.5238148610378738
3,False,True,130.0,0.4673725347326366
3,False,True,140.0,0.3863620531765509
3,False,True,150.0,0.45152625224860304
3,False,True,160.0,0.25375967556302437
3,False,True,170.0,-0.1847792475272417
3,True,False,0.0,-0.41267530499208377
3,True,False,10.0,-0.3103440600219549
3,True,False,20.0,-0.3359858966292269
3,True,False,30.0,-0.42303938820849357
3,True,False,40.0,-0.47227485741414954
3,True,False,50.0,-0.49071676448870694
3,True,False,60.0,-0.5126468390553192
3,True,False,70.0,-0.5399032090373458
3,True,False,80.0,-0.5431585209966339
3,True,False,90.0,-0.5479104742284725
3,True,False,100.0,-0.5533297506000868
3,True,False,110.0,-0.5516993189082694
3,True,False,120.0,-0.5500328707037938
3,True,False,130.0,-0.5745220284743038
3,True,False,140.0,-0.6125156337448989
3,True,False,150.0,-0.6969096922120231
3,True,False,160.0,-0.7233569887887504
3,True,False,170.0,-0.5698953672727131
3,True,True,0.0,0.0
3,True,True,10.0,-0.042232770938279124
3,True,True,20.0,-0.07770112830726288
3,True,True,30.0,-0.08274776165395395
3,True,True,40.0,-0.09037505403267272
3,True,True,50.0,-0.09928999270673965
3,True,True,60.0,-0.10917326988509227
3,True,True,70.0,-0.11415411470087039
3,True,True,80.0,-0.10879409450609882
3,True,True,90.0,-0.10729666958223895
3,True,True,100.0,-0.10314126182403473
3,True,True,110.0,-0.11046249182893848
3,True,True,120.0,-0.09158616372517855
3,True,True,130.0,-0.13482407681114328
3,True,True,140.0,-0.1952176086381506
3,True,True,150.0,-0.11747878517974839
3,True,True,160.0,-0.09131996418356511
3,True,True,170.0,1.2413630941071092
4,False,False,10.0,-0.0011655597609276955
4,False,False,20.0,-0.04960644114613018
4,False,False,30.0,-0.033073466460038205
4,False,False,40.0,-0.021817001881128593
4,False,False,50.0,-0.028256187954728906
4,False,False,60.0,-0.018833527687264477
4,False,False,70.0,-0.010304771043600851
4,False,False,80.0,-0.015231170798767412
4,False,False,90.0,-0.009496852602140792
4,False,False,100.0,-0.007519774245030808
4,False,False,110.0,0.01116192786067168
4,False,False,120.0,0.007555545951109614
4,False,False,130.0,0.0050926391944348635
4,False,False,140.0,-0.023563040416074446
4,False,False,150.0,-0.000984549779668716
4,False,False,160.0,-0.005141876672379726
4,False,False,170.0,0.2590146717913113
4,False,True,0.0,0.009920051302055755
4,False,True,10.0,0.3021399373392851
4,False,True,20.0,0.33493323348652876
4,False,True,30.0,0.3556507501742226
4,False,True,40.0,0.35997362864846993
4,False,True,50.0,0.39297419557588203
4,False,True,60.0,0.4294655834389858
4,False,True,70.0,0.4450569566307969
4,False,True,80.0,0.47172023479139
4,False,True,90.0,0.4570286534095114
4,False,True,100.0,0.47827317753869075
4,False,True,110.0,0.4541944055109122
4,False,True,120.0,0.46375524333842766
4,False,True,130.0,0.43504819029542896
4,False,True,140.0,0.4537465321238022
4,False,True,150.0,0.4021104877948872
4,False,True,160.0,0.524259765163129
4,False,True,170.0,0.2979281422969879
4,True,False,10.0,-0.3482982941420475
4,True,False,20.0,-0.41792928252130873
4,True,False,30.0,-0.44125795727500117
4,True,False,40.0,-0.43992414912948286
4,True,False,50.0,-0.44451120914315123
4,True,False,60.0,-0.45084134886596555
4,True,False,70.0,-0.43736357665907866
4,True,False,80.0,-0.4280573012638654
4,True,False,90.0,-0.42240927176167187
4,True,False,100.0,-0.44120269144909885
4,True,False,110.0,-0.42974941067924216
4,True,False,120.0,-0.4563159927222714
4,True,False,130.0,-0.45455901133642096
4,True,False,140.0,-0.40772638373363657
4,True,False,150.0,-0.43590077299514063
4,True,False,160.0,-0.366318208753417
4,True,False,170.0,-0.7455308041426509
4,True,True,0.0,0.0
4,True,True,10.0,-0.021532707316314036
4,True,True,20.0,0.01278484795731995
4,True,True,30.0,0.0024452213408457887
4,True,True,40.0,0.0203708313176028
4,True,True,50.0,0.020514438552258638
4,True,True,60.0,0.040092614980641914
4,True,True,70.0,0.023076122437857567
4,True,True,80.0,0.00999608555342931
4,True,True,90.0,0.0180778289181906
4,True,True,100.0,0.05576564566054251
4,True,True,110.0,0.056871182297735086
4,True,True,120.0,0.03775878611069032
4,True,True,130.0,0.003917514985222308
4,True,True,140.0,0.028256499860499395
4,True,True,150.0,-0.03118697622174015
4,True,True,160.0,-0.08303000530312152
4,True,True,170.0,0.1088202433795424
5,False,False,10.0,0.044627376937007135
5,False,False,20.0,0.02803210008462367
5,False,False,30.0,-0.0011521595322866761
5,False,False,40.0,-0.015455524603725493
5,False,False,50.0,-0.013446363945491199
5,False,False,60.0,-0.0024465696557800435
5,False,False,70.0,-0.0017565326268678303
5,False,False,80.0,-0.0031176310516288345
5,False,False,90.0,0.003922243143839909
5,False,False,100.0,0.022008744184939148
5,False,False,110.0,0.0036547872784019027
5,False,False,120.0,0.029219587960347362
5,False,False,130.0,0.01250362800044463
5,False,False,140.0,0.03473151576259315
5,False,False,150.0,0.08138174437465659
5,False,False,160.0,0.015015380608036838
5,False,False,170.0,-0.24282215104464552
5,False,True,10.0,0.29867568041969866
5,False,True,20.0,0.3872254939807868
5,False,True,30.0,0.41804074413405434
5,False,True,40.0,0.440154795866546
5,False,True,50.0,0.44943486560991375
5,False,True,60.0,0.4311095528538067
5,False,True,70.0,0.42360393784875283
5,False,True,80.0,0.4385102615817685
5,False,True,90.0,0.43813442995252194
5,False,True,100.0,0.44593089003580744
5,False,True,110.0,0.455086763588652
5,False,True,120.0,0.44495150944342415
5,False,True,130.0,0.4489134501428965
5,False,True,140.0,0.4984903977323946
5,False,True,150.0,0.5797675077939847
5,False,True,160.0,0.6749642131912308
5,False,True,170.0,0.7065841301094302
5,True,False,0.0,0.4073200332550098
5,True,False,10.0,-0.3488466703715921
5,True,False,20.0,-0.39279810185597724
5,True,False,30.0,-0.4316060344411898
5,True,False,40.0,-0.4487224368691732
5,True,False,50.0,-0.42982701588979677
5,True,False,60.0,-0.44494507985717857
5,True,False,70.0,-0.4271551906270291
5,True,False,80.0,-0.4321213708961027
5,True,False,90.0,-0.4464249570379242
5,True,False,100.0,-0.4318431442893078
5,True,False,110.0,-0.4209675546004536
5,True,False,120.0,-0.414207968997131
5,True,False,130.0,-0.43993206049225336
5,True,False,140.0,-0.42232915612500593
5,True,False,150.0,-0.2987766030542334
5,True,False,160.0,-0.44938992801559846
5,True,False,170.0,-0.8022738234345717
5,True,True,0.0,0.0
5,True,True,10.0,0.026036109767329015
5,True,True,20.0,-0.010461575952149657
5,True,True,30.0,-0.01646942566742078
5,True,True,40.0,0.0029975718530003085
5,True,True,50.0,-0.025456287953015674
5,True,True,60.0,-0.021497978814592478
5,True,True,70.0,-0.03008870306349083
5,True,True,80.0,-0.02314879069518795
5,True,True,90.0,-0.015394239301250721
5,True,True,100.0,-0.02617364580075384
5,True,True,110.0,-0.022816175593615397
5,True,True,120.0,-0.006959550692167526
5,True,True,130.0,0.019965892573061993
5,True,True,140.0,0.08703131231732648
5,True,True,150.0,0.09413078050359405
5,True,True,160.0,0.22294802069188124
5,True,True,170.0,0.024797522379376158
6,False,False,10.0,-0.12317508853995021
6,False,False,20.0,-0.08438604044512926
6,False,False,30.0,-0.08979430118594357
6,False,False,40.0,-0.08215942279822275
6,False,False,50.0,-0.09608148248053748
6,False,False,60.0,-0.08971864236307725
6,False,False,70.0,-0.08608814147495697
6,False,False,80.0,-0.06719266546569506
6,False,False,90.0,-0.06691276436422786
6,False,False,100.0,-0.10104823291329186
6,False,False,110.0,-0.07696379881722107
6,False,False,120.0,-0.1059018090760066
6,False,False,130.0,-0.079532978509943
6,False,False,140.0,-0.11434020406733261
6,False,False,150.0,-0.19400777017849818
6,False,False,160.0,-0.0602561532088546
6,False,False,170.0,0.12789971759356814
6,False,True,0.0,-0.002190919667567459
6,False,True,10.0,0.3548475707809875
6,False,True,20.0,0.4103814331082921
6,False,True,30.0,0.43770278556521
6,False,True,40.0,0.4288378543780686
6,False,True,50.0,0.41173520854909795
6,False,True,60.0,0.45556059454287723
6,False,True,70.0,0.45448271900352977
6,False,True,80.0,0.47340729568608403
6,False,True,90.0,0.4672737122060704
6,False,True,100.0,0.44082397177325333
6,False,True,110.0,0.4285984219125853
6,False,True,120.0,0.43352754896229645
6,False,True,130.0,0.46937643005776997
6,False,True,140.0,0.4118399943302149
6,False,True,150.0,0.31876393395805236
6,False,True,160.0,0.3107413748351361
6,False,True,170.0,0.3205197922994553
6,True,False,10.0,-0.30875271944103394
6,True,False,20.0,-0.428585333629067
6,True,False,30.0,-0.49912409197464475
6,True,False,40.0,-0.5480452739069074
6,True,False,50.0,-0.5406603527299711
6,True,False,60.0,-0.5207893300004564
6,True,False,70.0,-0.530036303874027
6,True,False,80.0,-0.5214182797192253
6,True,False,90.0,-0.5280544491891181
6,True,False,100.0,-0.5219466548034544
6,True,False,110.0,-0.5557593196040045
6,True,False,120.0,-0.554275255457189
6,True,False,130.0,-0.6183869624219993
6,True,False,140.0,-0.6229445857621425
6,True,False,150.0,-0.6988016406830903
6,True,False,160.0,-0.8776598439138357
6,True,False,170.0,-1.0067191238261155
6,True,True,0.0,0.0
6,True,True,10.0,0.033596671559355445
6,True,True,20.0,0.049423966858834704
6,True,True,30.0,0.031018867514896072
6,True,True,40.0,0.011936870635574484
6,True,True,50.0,-0.010459269465300422
6,True,True,60.0,0.0008016835863995783
6,True,True,70.0,-0.0013059961207995874
6,True,True,80.0,0.01339813287333885
6,True,True,90.0,0.01845373971253734
6,True,True,100.0,0.012570582136547511
6,True,True,110.0,0.01569070401153529
6,True,True,120.0,0.008645183892285154
6,True,True,130.0,0.012090987273996542
6,True,True,140.0,-0.03059618811364689
6,True,True,150.0,-0.03515873596860249
6,True,True,160.0,-0.12309762683440521
6,True,True,170.0,-0.09589218317457557
7,False,False,10.0,-0.09265584075896832
7,False,False,20.0,-0.011797587707049561
7,False,False,30.0,0.016787313728868762
7,False,False,40.0,0.03766277066701729
7,False,False,50.0,0.04752033044556831
7,False,False,60.0,0.036785918004631386
7,False,False,70.0,0.020950015503883604
7,False,False,80.0,-0.0018567676783603187
7,False,False,90.0,-0.004534530132077206
7,False,False,100.0,0.010835037704734497
7,False,False,110.0,0.006319293823388277
7,False,False,120.0,0.016784826870915658
7,False,False,130.0,0.02451715687990801
7,False,False,140.0,0.024583039392702833
7,False,False,150.0,0.01730027101022802
7,False,False,160.0,0.012672328130913423
7,False,False,170.0,-0.14142289547644174
7,False,True,10.0,0.3553638571262082
7,False,True,20.0,0.40535141310500955
7,False,True,30.0,0.4394483459937025
7,False,True,40.0,0.46248927943084567
7,False,True,50.0,0.47615523935039766
7,False,True,60.0,0.4450123494141456
7,False,True,70.0,0.44939466692114416
7,False,True,80.0,0.4393770848265035
7,False,True,90.0,0.443031039066617
7,False,True,100.0,0.4377014861061333
7,False,True,110.0,0.4270763690700808
7,False,True,120.0,0.43526981588556174
7,False,True,130.0,0.42021020368921097
7,False,True,140.0,0.46893307777374643
7,False,True,150.0,0.4548226652349352
7,False,True,160.0,0.38328324398028313
7,True,False,10.0,-0.4308625580910919
7,True,False,20.0,-0.48392174778047986
7,True,False,30.0,-0.4435979737148
7,True,False,40.0,-0.4416311714271176
7,True,False,50.0,-0.4475521303366066
7,True,False,60.0,-0.453251996171595
7,True,False,70.0,-0.4610518922883338
7,True,False,80.0,-0.47372364795847544
7,True,False,90.0,-0.4760711579603557
7,True,False,100.0,-0.487402523293497
7,True,False,110.0,-0.49430503384878005
7,True,False,120.0,-0.4994116880314793
7,True,False,130.0,-0.4583711834200779
7,True,False,140.0,-0.4150896905698377
7,True,False,150.0,-0.39697348611050476
7,True,False,160.0,-0.40432541774580844
7,True,False,170.0,-0.4109683556783135
7,True,True,0.0,-4.683186490810476e-05
7,True,True,10.0,-0.025186675053406785
7,True,True,20.0,-0.02082741303396
7,True,True,30.0,-0.0023388492469900613
7,True,True,40.0,-0.0036785639480676605
7,True,True,50.0,0.008263462469525095
7,True,True,60.0,-0.013551832015558412
7,True,True,70.0,0.009001638799833418
7,True,True,80.0,-0.005578989078309713
7,True,True,90.0,-0.004612881812540988
7,True,True,100.0,-0.0014985302607039295
7,True,True,110.0,0.008529028193400916
7,True,True,120.0,-0.022803069883040466
7,True,True,130.0,0.009640833070278135
7,True,True,140.0,0.004824694255983638
7,True,True,150.0,0.0218918261991735
7,True,True,160.0,0.032246191909357916
8,False,False,10.0,0.09039952241160899
8,False,False,20.0,0.060869956802199705
8,False,False,30.0,0.041926393091239814
8,False,False,40.0,0.02068112268682093
8,False,False,50.0,0.040547781643754964
8,False,False,60.0,0.053034677858066315
8,False,False,70.0,0.062052631079683805
8,False,False,80.0,0.05365495995093789
8,False,False,90.0,0.05494542967128757
8,False,False,100.0,0.03969946217574865
8,False,False,110.0,0.03210985455028837
8,False,False,120.0,0.02412199125629657
8,False,False,130.0,0.002857829496714946
8,False,False,140.0,-0.004025969275819548
8,False,False,150.0,-0.018891390057646586
8,False,False,160.0,-0.02328684963952712
8,False,False,170.0,0.026547897611962728
8,False,True,10.0,0.34494537777861295
8,False,True,20.0,0.43156184343475484
8,False,True,30.0,0.44824556306822133
8,False,True,40.0,0.48107802057037313
8,False,True,50.0,0.49972146203959367
8,False,True,60.0,0.48847304165157446
8,False,True,70.0,0.4702721120843943
8,False,True,80.0,0.4744032558174153
8,False,True,90.0,0.46551652157561585
8,False,True,100.0,0.4836108481729821
8,False,True,110.0,0.480836325049803
8,False,True,120.0,0.49436409706082013
8,False,True,130.0,0.4818366762029365
8,False,True,140.0,0.5133371892546336
8,False,True,150.0,0.46075889762220446
8,False,True,160.0,0.6058963249111539
8,True,False,10.0,-0.35524073048619464
8,True,False,20.0,-0.3847523694668893
8,True,False,30.0,-0.381371959006387
8,True,False,40.0,-0.41127814260864953
8,True,False,50.0,-0.40886421112581656
8,True,False,60.0,-0.3723075394527545
8,True,False,70.0,-0.36172479241659783
8,True,False,80.0,-0.37834936184276663
8,True,False,90.0,-0.3946784576267158
8,True,False,100.0,-0.4099829702709561
8,True,False,110.0,-0.42516467018753823
8,True,False,120.0,-0.41256447173325095
8,True,False,130.0,-0.4411307954409666
8,True,False,140.0,-0.4963818651322615
8,True,False,150.0,-0.5751207116396756
8,True,False,160.0,-0.6507693280896979
8,True,True,0.0,-0.0007483593060672855
8,True,True,10.0,0.05574686381345988
8,True,True,20.0,0.07068022247776592
8,True,True,30.0,0.06235144940625903
8,True,True,40.0,0.05682056812937847
8,True,True,50.0,0.07567975951956181
8,True,True,60.0,0.07381586909702909
8,True,True,70.0,0.06934205719193362
8,True,True,80.0,0.06452001319351797
8,True,True,90.0,0.06591104808945478
8,True,True,100.0,0.07977383864286355
8,True,True,110.0,0.07344657857238084
8,True,True,120.0,0.08493361318964601
8,True,True,130.0,0.07905148164509748
8,True,True,140.0,0.01639218536738278
8,True,True,150.0,-0.13749013383418396
8,True,True,160.0,-0.17769858166398106
9,False,False,10.0,0.0576079224561065
9,False,False,20.0,0.0186970976947892
9,False,False,30.0,-0.02387400143674653
9,False,False,40.0,0.0022613352872830916
9,False,False,50.0,-0.012394142311549146
9,False,False,60.0,-0.01977353977713027
9,False,False,70.0,-0.0165530691793321
9,False,False,80.0,-0.0035451886823806306
9,False,False,90.0,0.00887614150283194
9,False,False,100.0,0.03924985313253785
9,False,False,110.0,0.0681591273562555
9,False,False,120.0,0.05925931159493801
9,False,False,130.0,0.05479607378407888
9,False,False,140.0,0.01901433597446729
9,False,False,150.0,0.06970427900056723
9,False,False,160.0,0.22718064748362474
9,False,False,170.0,0.23012981202045213
9,False,True,10.0,0.39868452198488014
9,False,True,20.0,0.48112596775952843
9,False,True,30.0,0.4991827040874918
9,False,True,40.0,0.5132790182547302
9,False,True,50.0,0.48043442662882635
9,False,True,60.0,0.46621467289078705
9,False,True,70.0,0.492156900206158
9,False,True,80.0,0.5128149496225286
9,False,True,90.0,0.5322299913157851
9,False,True,100.0,0.5436282378479227
9,False,True,110.0,0.5585876578505147
9,False,True,120.0,0.57976206736621
9,False,True,130.0,0.5374568539997218
9,False,True,140.0,0.4704969016310499
9,False,True,150.0,0.455319042232871
9,False,True,160.0,0.5017375688609403
9,False,True,170.0,0.5052854870905539
9,True,False,10.0,-0.4232677840751239
9,True,False,20.0,-0.467673955912127
9,True,False,30.0,-0.49910302070043483
9,True,False,40.0,-0.4827412826507426
9,True,False,50.0,-0.4854413346865036
9,True,False,60.0,-0.47375157548765895
9,True,False,70.0,-0.4810029601883063
9,True,False,80.0,-0.4809290377491336
9,True,False,90.0,-0.4777393637013377
9,True,False,100.0,-0.46280014126038105
9,True,False,110.0,-0.48121022456057727
9,True,False,120.0,-0.49149395795978273
9,True,False,130.0,-0.5476522800489382
9,True,False,140.0,-0.5533728211505715
9,True,False,150.0,-0.5116531396173696
9,True,False,160.0,-0.39640051474000454
9,True,True,0.0,0.0010317248900634972
9,True,True,10.0,-0.025894423636300012
9,True,True,20.0,-0.027041636266723953
9,True,True,30.0,-0.012109601268020666
9,True,True,40.0,-0.008347946319910924
9,True,True,50.0,-0.014624971246112771
9,True,True,60.0,0.004965413494557591
9,True,True,70.0,0.011233591209706894
9,True,True,80.0,-0.00047923498670907354
9,True,True,90.0,0.033890428661383774
9,True,True,100.0,0.022203262102836758
9,True,True,110.0,0.0046996552280032505
9,True,True,120.0,0.015769533583304872
9,True,True,130.0,-0.0565444908780381
9,True,True,140.0,-0.1320726142118935
9,True,True,150.0,-0.07988533038629837
9,True,True,160.0,-0.026448160951386326
10,False,False,10.0,-0.08232019975066114
10,False,False,20.0,-0.07706976463155717
10,False,False,30.0,-0.039878477681555335
10,False,False,40.0,-0.04376433576529946
10,False,False,50.0,-0.05916148968212211
10,False,False,60.0,-0.07200038776552312
10,False,False,70.0,-0.04911147601682356
10,False,False,80.0,-0.04117987520666716
10,False,False,90.0,-0.03907497481737172
10,False,False,100.0,-0.06460973889773179
10,False,False,110.0,-0.08384402581384233
10,False,False,120.0,-0.07150805276709829
10,False,False,130.0,-0.04671191511310539
10,False,False,140.0,-0.00403938597988672
10,False,False,150.0,0.009372282124561093
10,False,False,160.0,-0.02238275195040819
10,False,False,170.0,-0.5364141070599815
10,False,True,10.0,0.38787443470403443
10,False,True,20.0,0.40640975792347117
10,False,True,30.0,0.4573866976746169
10,False,True,40.0,0.4438637479540836
10,False,True,50.0,0.4638560401473884
10,False,True,60.0,0.4685552029524963
10,False,True,70.0,0.4495876205721295
10,False,True,80.0,0.45293393539275173
10,False,True,90.0,0.4468104614939573
10,False,True,100.0,0.44929576441842006
10,False,True,110.0,0.45689687946306257
10,False,True,120.0,0.4614186277801419
10,False,True,130.0,0.4813240646816872
10,False,True,140.0,0.5504213821687179
10,False,True,150.0,0.612866758741062
10,False,True,160.0,0.5434243269856434
10,False,True,170.0,0.4818101445031448
10,True,False,10.0,-0.4481288645188667
10,True,False,20.0,-0.49718702878702165
10,True,False,30.0,-0.5149223374983208
10,True,False,40.0,-0.5373821761440156
10,True,False,50.0,-0.5384028460778684
10,True,False,60.0,-0.5394178370459234
10,True,False,70.0,-0.5633783537734111
10,True,False,80.0,-0.5490656959084609
10,True,False,90.0,-0.555166567200409
10,True,False,100.0,-0.5485588956832714
10,True,False,110.0,-0.5607015204031128
10,True,False,120.0,-0.5845209490225368
10,True,False,130.0,-0.5453915095542785
10,True,False,140.0,-0.5215389159276391
10,True,False,150.0,-0.5019280807637556
10,True,False,160.0,-0.5097354254159119
10,True,False,170.0,-0.5719600204200369
10,True,True,0.0,-0.00014586526044862546
10,True,True,10.0,-0.02350770612156954
10,True,True,20.0,-0.032385652147859864
10,True,True,30.0,-0.043123851212828884
10,True,True,40.0,-0.02407146531776825
10,True,True,50.0,-0.021486354077447884
10,True,True,60.0,-0.020144305484193492
10,True,True,70.0,-0.027126022187199113
10,True,True,80.0,-0.02972472494482287
10,True,True,90.0,-0.04063785240828352
10,True,True,100.0,-0.030572948088306653
10,True,True,110.0,-0.023310750712180753
10,True,True,120.0,-0.029750178566293833
10,True,True,130.0,0.0023015224245763843
10,True,True,140.0,0.08191562859183335
10,True,True,150.0,0.12051925052558013
10,True,True,160.0,0.1901366257748065
10,True,True,170.0,0.15336408431063211
11,False,False,10.0,0.060341704069835814
11,False,False,20.0,-0.0036567829282911574
11,False,False,30.0,-0.06856596020285055
11,False,False,40.0,-0.06571880345373975
11,False,False,50.0,-0.05545376483754895
11,False,False,60.0,-0.028878608009781117
11,False,False,70.0,-0.037838260838467704
11,False,False,80.0,-0.04379628632714154
11,False,False,90.0,-0.05529555976671406
11,False,False,100.0,-0.06655154890381003
11,False,False,110.0,-0.058983669076520286
11,False,False,120.0,-0.05772650640775604
11,False,False,130.0,-0.04422231186128069
11,False,False,140.0,-0.042656408134281135
11,False,False,150.0,-0.07279242503262451
11,False,False,160.0,-0.29861417891839787
11,False,True,10.0,0.46891240740886814
11,False,True,20.0,0.4521937805822405
11,False,True,30.0,0.44722366676663095
11,False,True,40.0,0.4556021264042261
11,False,True,50.0,0.4375293011202815
11,False,True,60.0,0.46025952395009995
11,False,True,70.0,0.4613776713393066
11,False,True,80.0,0.4582415191848919
11,False,True,90.0,0.4589201111196768
11,False,True,100.0,0.47456222272565446
11,False,True,110.0,0.5061720684682935
11,False,True,120.0,0.5164873449189101
11,False,True,130.0,0.5116969054642425
11,False,True,140.0,0.5658759114416931
11,False,True,150.0,0.585225209566878
11,False,True,160.0,0.6055427001422932
11,False,True,170.0,0.7337827591122307
11,True,False,10.0,-0.40994927130047065
11,True,False,20.0,-0.4558599922552187
11,True,False,30.0,-0.48687518198990976
11,True,False,40.0,-0.5077839961505023
11,True,False,50.0,-0.5213408559093302
11,True,False,60.0,-0.5488093968963921
11,True,False,70.0,-0.4984414979098403
11,True,False,80.0,-0.4908565741562895
11,True,False,90.0,-0.511732069738555
11,True,False,100.0,-0.5624671105850703
11,True,False,110.0,-0.5865677464839999
11,True,False,120.0,-0.6144411173849704
11,True,False,130.0,-0.6137876013892654
11,True,False,140.0,-0.6210996089919829
11,True,False,150.0,-0.6591120148678011
11,True,False,160.0,-0.8886800577045091
11,True,False,170.0,-1.2088479331420994
11,True,True,0.0,-0.00042798323878673415
11,True,True,10.0,0.032918972883938004
11,True,True,20.0,0.04978589020243704
11,True,True,30.0,0.027743002157253772
11,True,True,40.0,0.0030512538825287127
11,True,True,50.0,-0.015988069628110935
11,True,True,60.0,-0.0067193477771838525
11,True,True,70.0,-0.022233448443102915
11,True,True,80.0,-0.0011296135167711532
11,True,True,90.0,-0.010237520048347073
11,True,True,100.0,-0.015042954069549303
11,True,True,110.0,-0.006031141681977432
11,True,True,120.0,0.007005470082302946
11,True,True,130.0,0.034579749162040804
11,True,True,140.0,-0.004771273113968063
11,True,True,150.0,0.017451761582786107
11,True,True,160.0,-0.05875559216721577
11,True,True,170.0,0.11126002745458255
12,False,False,10.0,0.08642271604606659
12,False,False,20.0,0.056789381804095505
12,False,False,30.0,0.09026919147660037
12,False,False,40.0,0.08898425139753736
12,False,False,50.0,0.060258730912334496
12,False,False,60.0,0.06180105701915117
12,False,False,70.0,0.03843099723888237
12,False,False,80.0,0.027791541800737254
12,False,False,90.0,0.0168004389205202
12,False,False,100.0,0.015790523348753055
12,False,False,110.0,0.02839956974558959
12,False,False,120.0,0.04087680651835341
12,False,False,130.0,0.07495916017263647
12,False,False,140.0,0.07568622434852683
12,False,False,150.0,0.19320703370444284
12,False,False,160.0,0.060947551065224786
12,False,False,170.0,-0.07878045344568467
12,False,True,10.0,0.2978015105921597
12,False,True,20.0,0.3781645650409508
12,False,True,30.0,0.40783108869766155
12,False,True,40.0,0.426352264357177
12,False,True,50.0,0.4598778394745622
12,False,True,60.0,0.4264189751190571
12,False,True,70.0,0.425535166630679
12,False,True,80.0,0.37010464289626643
12,False,True,90.0,0.3653176481385864
12,False,True,100.0,0.39569116027262774
12,False,True,110.0,0.409651764355145
12,False,True,120.0,0.44416416725970165
12,False,True,130.0,0.45917214987006877
12,False,True,140.0,0.515636308607533
12,False,True,150.0,0.4688784330495696
12,False,True,160.0,0.6796084479301695
12,True,False,10.0,-0.4516953862571201
12,True,False,20.0,-0.4271607999861548
12,True,False,30.0,-0.411268914030944
12,True,False,40.0,-0.41882612711557515
12,True,False,50.0,-0.40334078505833293
12,True,False,60.0,-0.41804814764285003
12,True,False,70.0,-0.42828515227365
12,True,False,80.0,-0.4595797309790275
12,True,False,90.0,-0.4337120302939015
12,True,False,100.0,-0.42336744080441824
12,True,False,110.0,-0.4401510071274375
12,True,False,120.0,-0.4708481749297884
12,True,False,130.0,-0.48715143946451767
12,True,False,140.0,-0.5239135244470149
12,True,False,150.0,-0.576738478095639
12,True,False,160.0,-0.6284416450319482
12,True,False,170.0,-1.0136874395169932
12,True,True,0.0,0.00020025973701810206
12,True,True,10.0,-0.07215022820038172
12,True,True,20.0,-0.062063900682939564
12,True,True,30.0,-0.0185951173134695
12,True,True,40.0,-0.015385773963096256
12,True,True,50.0,0.0012662711957920254
12,True,True,60.0,-0.0031371492118176265
12,True,True,70.0,-0.016306102013846503
12,True,True,80.0,-0.03723134226783442
12,True,True,90.0,-0.05376542873124612
12,True,True,100.0,-0.053601097882645256
12,True,True,110.0,-0.050445385797891575
12,True,True,120.0,-0.04283755538601396
12,True,True,130.0,-0.05218988122861835
12,True,True,140.0,-0.038599586051692475
12,True,True,150.0,-0.025876272935158096
12,True,True,160.0,0.03824761953427846
12,True,True,170.0,-0.28106409066305027
13,False,False,10.0,0.017341828518352743
13,False,False,20.0,0.02811392841287539
13,False,False,30.0,0.05118686623935174
13,False,False,40.0,0.06280453321011527
13,False,False,50.0,0.06970629707490035
13,False,False,60.0,0.0609976249623825
13,False,False,70.0,0.05076003979649904
13,False,False,80.0,0.054374464453320635
13,False,False,90.0,0.06531504374582096
13,False,False,100.0,0.0703639351984162
13,False,False,110.0,0.102724659518892
13,False,False,120.0,0.12940438081394295
13,False,False,130.0,0.14609791692972185
13,False,False,140.0,0.1586537866830188
13,False,False,150.0,0.13878350739733103
13,False,False,160.0,0.18594817957896656
13,False,False,170.0,0.46958710571946066
13,False,True,10.0,0.36852525786073076
13,False,True,20.0,0.44796249566977614
13,False,True,30.0,0.44564569349055816
13,False,True,40.0,0.4410838077328138
13,False,True,50.0,0.4854435329747536
13,False,True,60.0,0.46884185727960875
13,False,True,70.0,0.48469286860120375
13,False,True,80.0,0.4977108103848675
13,False,True,90.0,0.4913421526093638
13,False,True,100.0,0.5288651034434184
13,False,True,110.0,0.5491531659224322
13,False,True,120.0,0.5582733633559566
13,False,True,130.0,0.5643703899621011
13,False,True,140.0,0.5166697616691784
13,False,True,150.0,0.4966924408359665
13,False,True,160.0,0.504249698659203
13,True,False,10.0,-0.25803607181279536
13,True,False,20.0,-0.3497543528954346
13,True,False,30.0,-0.37378202447094966
13,True,False,40.0,-0.37526369904309287
13,True,False,50.0,-0.36531200708525013
13,True,False,60.0,-0.37085037003041915
13,True,False,70.0,-0.4007833596529231
13,True,False,80.0,-0.3942044018246731
13,True,False,90.0,-0.39173812597274515
13,True,False,100.0,-0.38029889915094817
13,True,False,110.0,-0.3728922466907431
13,True,False,120.0,-0.34007213260530517
13,True,False,130.0,-0.34046355105954423
13,True,False,140.0,-0.4129196134023059
13,True,False,150.0,-0.40617548646753343
13,True,False,160.0,-0.316030164441006
13,True,False,170.0,-0.05804706373862882
13,True,True,0.0,0.0003420953925258141
13,True,True,10.0,0.012479854047561498
13,True,True,20.0,0.031108586995776608
13,True,True,30.0,0.03793101118975833
13,True,True,40.0,0.03471388876416011
13,True,True,50.0,0.030587175090137166
13,True,True,60.0,0.014604755837396297
13,True,True,70.0,0.002635988351905512
13,True,True,80.0,0.005437907864642937
13,True,True,90.0,0.02520183142071132
13,True,True,100.0,0.05630148230136767
13,True,True,110.0,0.0816566771619054
13,True,True,120.0,0.09336460161209764
13,True,True,130.0,0.05618618852614634
13,True,True,140.0,0.015444900936497967
13,True,True,150.0,-0.01035695026404737
13,True,True,160.0,-0.18429297621375906
14,False,False,10.0,-0.05071299717714802
14,False,False,20.0,-0.03572369044181684
14,False,False,30.0,-0.010757490746876304
14,False,False,40.0,0.002535782940520879
14,False,False,50.0,-0.009852195358068638
14,False,False,60.0,-0.01783881413265318
14,False,False,70.0,-0.025127219776548408
14,False,False,80.0,-0.015242363186626636
14,False,False,90.0,-0.01551528558644838
14,False,False,100.0,-0.027261166190145448
14,False,False,110.0,-0.043163971638791356
14,False,False,120.0,-0.052963848795895455
14,False,False,130.0,-0.052691705334078215
14,False,False,140.0,-0.04087261509820334
14,False,False,150.0,-0.07500659458460993
14,False,False,160.0,-0.011906177985125676
14,False,False,170.0,-0.267981607363375
14,False,True,10.0,0.3387912079111185
14,False,True,20.0,0.37490181795602023
14,False,True,30.0,0.4479823406258133
14,False,True,40.0,0.4537056599672002
14,False,True,50.0,0.4559396966074752
14,False,True,60.0,0.44917974018039797
14,False,True,70.0,0.48415477004999063
14,False,True,80.0,0.48025275236730836
14,False,True,90.0,0.4861349281256871
14,False,True,100.0,0.5038609398655453
14,False,True,110.0,0.47597739752759
14,False,True,120.0,0.4755429052065479
14,False,True,130.0,0.4762293199569376
14,False,True,140.0,0.5055659245981402
14,False,True,150.0,0.4645618779750921
14,False,True,160.0,0.3017886963661984
14,False,True,170.0,0.5140489617385057
14,True,False,10.0,-0.4161060080695037
14,True,False,20.0,-0.43246424478213424
14,True,False,30.0,-0.45906739090088683
14,True,False,40.0,-0.44137733949452135
14,True,False,50.0,-0.4456741810181578
14,True,False,60.0,-0.4585251028743965
14,True,False,70.0,-0.47160477801373735
14,True,False,80.0,-0.47788595731417133
14,True,False,90.0,-0.48337444208268177
14,True,False,100.0,-0.5073771266985665
14,True,False,110.0,-0.5138626914803335
14,True,False,120.0,-0.5193617567798878
14,True,False,130.0,-0.5033878180779991
14,True,False,140.0,-0.4890857218375261
14,True,False,150.0,-0.5055768513184654
14,True,False,160.0,-0.5136048732465952
14,True,True,0.0,7.713101997527393e-05
14,True,True,10.0,-0.0024175663056856082
14,True,True,20.0,0.003937103638040576
14,True,True,30.0,0.020360208714862972
14,True,True,40.0,0.028375729456597987
14,True,True,50.0,0.02496003004809044
14,True,True,60.0,0.024490225545210492
14,True,True,70.0,0.035512504376748216
14,True,True,80.0,0.03165517221202175
14,True,True,90.0,0.029617990877280093
14,True,True,100.0,0.02900616398768326
14,True,True,110.0,0.03354761244738262
14,True,True,120.0,0.03802571062421628
14,True,True,130.0,0.03788732180709701
14,True,True,140.0,0.08110382375657452
14,True,True,150.0,0.09770319037397013
14,True,True,160.0,0.07916082062478079
15,False,False,10.0,0.13212687965132516
15,False,False,20.0,0.07567675099503249
15,False,False,30.0,0.02408695716155048
15,False,False,40.0,-0.012385956160884948
15,False,False,50.0,-0.03485480655474081
15,False,False,60.0,-0.027552619521495694
15,False,False,70.0,-0.044520852360329925
15,False,False,80.0,-0.057251510362764435
15,False,False,90.0,-0.06797619016591551
15,False,False,100.0,-0.08270758997930193
15,False,False,110.0,-0.08373157012703267
15,False,False,120.0,-0.08667634096872529
15,False,False,130.0,-0.04536227395524395
15,False,False,140.0,0.00901694596513196
15,False,False,150.0,0.111231932827114
15,False,False,160.0,-0.00013460125851739275
15,False,False,170.0,0.46453123370219096
15,False,True,10.0,0.48811580991461684
15,False,True,20.0,0.5082704727833828
15,False,True,30.0,0.5225961444564517
15,False,True,40.0,0.5187509329015517
15,False,True,50.0,0.5251832891047357
15,False,True,60.0,0.5180313208695225
15,False,True,70.0,0.5388241076518095
15,False,True,80.0,0.5347829347253781
15,False,True,90.0,0.5412068792274841
15,False,True,100.0,0.5692845858151838
15,False,True,110.0,0.5639976264132616
15,False,True,120.0,0.5810011417927976
15,False,True,130.0,0.5671762461176958
15,False,True,140.0,0.5909975916816336
15,False,True,150.0,0.6559295842246836
15,False,True,160.0,0.6828139502114281
15,False,True,170.0,0.5663056233539802
15,True,False,0.0,-0.22211690698131958
15,True,False,10.0,-0.29734530437888096
15,True,False,20.0,-0.43060840472331824
15,True,False,30.0,-0.4538512674545828
15,True,False,40.0,-0.5315592177295051
15,True,False,50.0,-0.5406783528653166
15,True,False,60.0,-0.5571673748950713
15,True,False,70.0,-0.5508815604764269
15,True,False,80.0,-0.545503043486713
15,True,False,90.0,-0.5715781592903149
15,True,False,100.0,-0.6024811115458977
15,True,False,110.0,-0.616697667931676
15,True,False,120.0,-0.6126333561821141
15,True,False,130.0,-0.589737055439913
15,True,False,140.0,-0.5236355038042344
15,True,False,150.0,-0.4484450299742167
15,True,False,160.0,-0.32733144354545685
15,True,True,0.0,0.0
15,True,True,10.0,0.08718189312474692
15,True,True,20.0,0.09827532740033638
15,True,True,30.0,0.07311885885786941
15,True,True,40.0,0.08063140443018654
15,True,True,50.0,0.052366277679691764
15,True,True,60.0,0.05379937324589466
15,True,True,70.0,0.060861655732599884
15,True,True,80.0,0.03614484190972552
15,True,True,90.0,0.04116721229799504
15,True,True,100.0,0.02485914542992817
15,True,True,110.0,0.056200440111588756
15,True,True,120.0,0.03704787542342418
15,True,True,130.0,0.03449114282444342
15,True,True,140.0,0.05702356664419312
15,True,True,150.0,0.11710669306138641
15,True,True,160.0,0.19106842870272772
15,True,True,170.0,-0.20472232209267519
16,False,False,0.0,-0.8567505562860906
16,False,False,10.0,-0.1399475339092432
16,False,False,20.0,-0.12905805342813864
16,False,False,30.0,-0.08691821809370864
16,False,False,40.0,-0.052301666879699664
16,False,False,50.0,-0.01756123521553624
16,False,False,60.0,-0.008368994923101437
16,False,False,70.0,-0.00040377105216352055
16,False,False,80.0,0.02018429436026581
16,False,False,90.0,0.023677696008244657
16,False,False,100.0,0.031399911612604345
16,False,False,110.0,0.058200998993245094
16,False,False,120.0,0.05163236415194945
16,False,False,130.0,0.01792016334966195
16,False,False,140.0,-0.021939637621790818
16,False,False,150.0,-0.13227471255657478
16,False,False,160.0,-0.30782538445802765
16,False,False,170.0,-0.2951625097429482
16,False,True,10.0,0.35884573601374353
16,False,True,20.0,0.4856489256522293
16,False,True,30.0,0.4930846324209379
16,False,True,40.0,0.5203441774479253
16,False,True,50.0,0.526143007332395
16,False,True,60.0,0.5134258161021512
16,False,True,70.0,0.528718973609284
16,False,True,80.0,0.532589719022166
16,False,True,90.0,0.5442487538280496
16,False,True,100.0,0.5740800225948821
16,False,True,110.0,0.5860707788970465
16,False,True,120.0,0.5661281863139683
16,False,True,130.0,0.541260067274122
16,False,True,140.0,0.4705536478951793
16,False,True,150.0,0.3804628106527308
16,False,True,160.0,0.5871568355360509
16,True,False,10.0,-0.45336783861164476
16,True,False,20.0,-0.5036860965013321
16,True,False,30.0,-0.5455845025561672
16,True,False,40.0,-0.5400482725004858
16,True,False,50.0,-0.5540618782550769
16,True,False,60.0,-0.5429658634632971
16,True,False,70.0,-0.5494349519883923
16,True,False,80.0,-0.575217109440983
16,True,False,90.0,-0.5687463768228059
16,True,False,100.0,-0.570393649552385
16,True,False,110.0,-0.5893028686080823
16,True,False,120.0,-0.6001611307983986
16,True,False,130.0,-0.5991840622839512
16,True,False,140.0,-0.5954059849403888
16,True,False,150.0,-0.5713242544701645
16,True,False,160.0,-0.5934336163971364
16,True,False,170.0,-0.3431067382069062
16,True,True,0.0,0.0
16,True,True,10.0,-0.03744455009369599
16,True,True,20.0,-0.07984207793696332
16,True,True,30.0,-0.08095197780283434
16,True,True,40.0,-0.09991960920553608
16,True,True,50.0,-0.10125784710537626
16,True,True,60.0,-0.07302691741381165
16,True,True,70.0,-0.0837004969952743
16,True,True,80.0,-0.05004089731666592
16,True,True,90.0,-0.053164267306348385
16,True,True,100.0,-0.056582561225328856
16,True,True,110.0,-0.0476275127096799
16,True,True,120.0,-0.06257476873761546
16,True,True,130.0,-0.048230150341561306
16,True,True,140.0,-0.04105686938368414
16,True,True,150.0,-0.04970163353930522
16,True,True,160.0,0.17049922489738878
17,False,False,10.0,-0.022177437602075124
17,False,False,20.0,-0.036034140161582025
17,False,False,30.0,-0.02366316039167211
17,False,False,40.0,-0.026721173959757694
17,False,False,50.0,-0.020906323312845403
17,False,False,60.0,0.009155181435104411
17,False,False,70.0,0.0074450931482831955
17,False,False,80.0,0.02212062738442866
17,False,False,90.0,0.020653976905279512
17,False,False,100.0,0.020356752461325976
17,False,False,110.0,0.007995930263713133
17,False,False,120.0,-0.014611453857683173
17,False,False,130.0,-0.07137139163369688
17,False,False,140.0,-0.0977404006652504
17,False,False,150.0,-0.08013418707499584
17,False,False,160.0,0.018172690912946755
17,False,False,170.0,-0.0373826175379467
17,False,True,0.0,1.0361649258865357
17,False,True,10.0,0.43776085725285024
17,False,True,20.0,0.45348719124714154
17,False,True,30.0,0.4887697312372665
17,False,True,40.0,0.5187839096699679
17,False,True,50.0,0.5329773318707012
17,False,True,60.0,0.5640681925492493
17,False,True,70.0,0.5656397850256473
17,False,True,80.0,0.5674218614239692
17,False,True,90.0,0.5793761482588126
17,False,True,100.0,0.5641550642843092
17,False,True,110.0,0.556782818196929
17,False,True,120.0,0.5343625309389902
17,False,True,130.0,0.5205016659967938
17,False,True,140.0,0.5331863264566545
17,False,True,150.0,0.4913266793057752
17,False,True,160.0,0.4556527183261494
17,True,False,10.0,-0.458367594659753
17,True,False,20.0,-0.4421170853887636
17,True,False,30.0,-0.4536735626072144
17,True,False,40.0,-0.45576958452888133
17,True,False,50.0,-0.4574712005803653
17,True,False,60.0,-0.4757861641890506
17,True,False,70.0,-0.47042133630226624
17,True,False,80.0,-0.4664502508476371
17,True,False,90.0,-0.4708726651588152
17,True,False,100.0,-0.48805941259530944
17,True,False,110.0,-0.5283517614244536
17,True,False,120.0,-0.5498933433106067
17,True,False,130.0,-0.5391001264128024
17,True,False,140.0,-0.5534881240134276
17,True,False,150.0,-0.5476762506535415
17,True,False,160.0,-0.5684910507883998
17,True,True,0.0,0.0
17,True,True,10.0,-0.007339584383474544
17,True,True,20.0,-0.0056921740086332264
17,True,True,30.0,-0.006422999884622567
17,True,True,40.0,0.029389207174183998
17,True,True,50.0,0.03527957978892011
17,True,True,60.0,0.06816800099186986
17,True,True,70.0,0.04036560681423605
17,True,True,80.0,0.04303586166616718
17,True,True,90.0,0.03185269748247009
17,True,True,100.0,0.03320215806509751
17,True,True,110.0,0.026410609587776922
17,True,True,120.0,0.006730241847910199
17,True,True,130.0,0.017015961580040595
17,True,True,140.0,-0.014603608171980632
17,True,True,150.0,-0.06454762756113001
17,True,True,160.0,-0.015817951368379858
18,False,False,10.0,0.08126006325739965
18,False,False,20.0,0.05444097930095432
18,False,False,30.0,0.0680834289241849
18,False,False,40.0,0.06189976129012625
18,False,False,50.0,0.08577406573581137
18,False,False,60.0,0.07987332519249223
18,False,False,70.0,0.08193529196297142
18,False,False,80.0,0.04708156168382938
18,False,False,90.0,0.05196958074997636
18,False,False,100.0,0.048617755932828015
18,False,False,110.0,0.03897670172990245
18,False,False,120.0,0.05880990442866425
18,False,False,130.0,0.08403421368644434
18,False,False,140.0,0.09098228390929644
18,False,False,150.0,0.07310915997542397
18,False,False,160.0,-0.1334066721872973
18,False,False,170.0,-0.3562196453491596
18,False,True,10.0,0.4076917704523991
18,False,True,20.0,0.42964178515397694
18,False,True,30.0,0.472503912201836
18,False,True,40.0,0.5093602396712062
18,False,True,50.0,0.5005608865153015
18,False,True,60.0,0.5031013981851583
18,False,True,70.0,0.5145287452484467
18,False,True,80.0,0.5121756471677156
18,False,True,90.0,0.48640775080843945
18,False,True,100.0,0.48554913122893634
18,False,True,110.0,0.5138163725932231
18,False,True,120.0,0.575742594441475
18,False,True,130.0,0.5857686387775328
18,False,True,140.0,0.5890327232323427
18,False,True,150.0,0.5653905511114357
18,False,True,160.0,0.34099338779848104
18,False,True,170.0,0.21706944019773092
18,True,False,10.0,-0.3892831503835264
18,True,False,20.0,-0.3889140531733739
18,True,False,30.0,-0.44127049237736626
18,True,False,40.0,-0.47147789489006664
18,True,False,50.0,-0.46767680644849874
18,True,False,60.0,-0.48690963853599095
18,True,False,70.0,-0.511136504922285
18,True,False,80.0,-0.49931723934271094
18,True,False,90.0,-0.4916962394412985
18,True,False,100.0,-0.47543163358465684
18,True,False,110.0,-0.4724830401436218
18,True,False,120.0,-0.46790237422309566
18,True,False,130.0,-0.4272396156784403
18,True,False,140.0,-0.40731036890571165
18,True,False,150.0,-0.3954529891617252
18,True,False,160.0,-0.4899062434864894
18,True,True,0.0,-0.00041420149831742004
18,True,True,10.0,-0.02005085174700719
18,True,True,20.0,-0.036682880077333516
18,True,True,30.0,-0.029286165832203916
18,True,True,40.0,-0.0754068221706826
18,True,True,50.0,-0.04868016320072096
18,True,True,60.0,-0.04598837762609259
18,True,True,70.0,-0.028631322830619477
18,True,True,80.0,-0.012089833273351789
18,True,True,90.0,-0.03464028533053807
18,True,True,100.0,-0.013595123703261007
18,True,True,110.0,-0.02180644722175046
18,True,True,120.0,-0.0014828095790497303
18,True,True,130.0,0.041022045782764166
18,True,True,140.0,0.025464792855686036
18,True,True,150.0,-0.018216435476498923
18,True,True,160.0,-0.0702242738759522
19,False,False,10.0,-0.024047439866213546
19,False,False,20.0,-0.049898215887307217
19,False,False,30.0,-0.06259301098212182
19,False,False,40.0,-0.07818275356459417
19,False,False,50.0,-0.08059087037486168
19,False,False,60.0,-0.08286732205718099
19,False,False,70.0,-0.054464158001299716
19,False,False,80.0,-0.07080468525677908
19,False,False,90.0,-0.08483989252817674
19,False,False,100.0,-0.108960194357641
19,False,False,110.0,-0.12559761547528334
19,False,False,120.0,-0.14822823592007256
19,False,False,130.0,-0.18610890731461066
19,False,False,140.0,-0.2207112578426502
19,False,False,150.0,-0.23563496871399353
19,False,False,160.0,-0.1749081092550816
19,False,False,170.0,-0.06800408397292927
19,False,True,10.0,0.346799985349921
19,False,True,20.0,0.41977428726510385
19,False,True,30.0,0.4204782861408223
19,False,True,40.0,0.442963140886858
19,False,True,50.0,0.43536346881329774
19,False,True,60.0,0.45765316334507755
19,False,True,70.0,0.4689768876913722
19,False,True,80.0,0.4613069157810424
19,False,True,90.0,0.4629975223567232
19,False,True,100.0,0.4492890740776043
19,False,True,110.0,0.46289821991938856
19,False,True,120.0,0.4534319254440167
19,False,True,130.0,0.4233563420755096
19,False,True,140.0,0.4150857112630948
19,False,True,150.0,0.4093798493463586
19,False,True,160.0,0.567304748059608
19,False,True,170.0,0.8910007418207044
19,True,False,10.0,-0.4303741540200765
19,True,False,20.0,-0.4025390531011507
19,True,False,30.0,-0.45872654888924713
19,True,False,40.0,-0.4719022973062989
19,True,False,50.0,-0.48370595230989044
19,True,False,60.0,-0.5130401736268472
19,True,False,70.0,-0.5141212922806138
19,True,False,80.0,-0.5158120650058196
19,True,False,90.0,-0.5358688407814262
19,True,False,100.0,-0.5607432252394556
19,True,False,110.0,-0.6063592788063865
19,True,False,120.0,-0.6581802641792798
19,True,False,130.0,-0.6924139286918054
19,True,False,140.0,-0.7391972085604174
19,True,False,150.0,-0.7231857253344974
19,True,False,160.0,-0.773370298676694
19,True,True,0.0,0.0006154219432783572
19,True,True,10.0,0.06550515801565465
19,True,True,20.0,0.043407616182924026
19,True,True,30.0,0.033800491820557395
19,True,True,40.0,0.000711627974305256
19,True,True,50.0,0.014583212166845463
19,True,True,60.0,0.009442838105003955
19,True,True,70.0,0.0022204603267285514
19,True,True,80.0,-0.0010838701647137422
19,True,True,90.0,-0.015458281693637823
19,True,True,100.0,-0.04924497412018424
19,True,True,110.0,-0.0743310458398633
19,True,True,120.0,-0.06688305147639247
19,True,True,130.0,-0.11803906098930556
19,True,True,140.0,-0.12977971311799147
19,True,True,150.0,-0.10396250423626376
19,True,True,160.0,0.14503805451414242
19,True,True,170.0,0.3736572133269744
20,False,False,10.0,0.0706013857071631
20,False,False,20.0,0.040269312083003585
20,False,False,30.0,0.0004535366079043506
20,False,False,40.0,0.021414822704676584
20,False,False,50.0,0.0055061122122504035
20,False,False,60.0,0.00582884974241375
20,False,False,70.0,-0.03194558247870098
20,False,False,80.0,-0.03456949985282787
20,False,False,90.0,-0.004177941260281713
20,False,False,100.0,0.020081584952148367
20,False,False,110.0,0.037380433766826295
20,False,False,120.0,0.07898622049765869
20,False,False,130.0,0.10191740217853823
20,False,False,140.0,0.06980322578268708
20,False,False,150.0,0.06425348028030066
20,False,False,160.0,0.10790072085278148
20,False,False,170.0,0.4866829906934826
20,False,True,10.0,0.3900829346097329
20,False,True,20.0,0.41734191116588026
20,False,True,30.0,0.43672830892087666
20,False,True,40.0,0.434348446477267
20,False,True,50.0,0.429083921231993
20,False,True,60.0,0.432975264259934
20,False,True,70.0,0.4082521671217873
20,False,True,80.0,0.41309785575659014
20,False,True,90.0,0.4398934202981142
20,False,True,100.0,0.48364889462270644
20,False,True,110.0,0.5257902920506013
20,False,True,120.0,0.5753579539242729
20,False,True,130.0,0.5977257309552502
20,False,True,140.0,0.620508885173751
20,False,True,150.0,0.6620512100007242
20,False,True,160.0,0.6759783821120079
20,True,False,10.0,-0.4241040675317766
20,True,False,20.0,-0.4620560275931324
20,True,False,30.0,-0.5275614716825252
20,True,False,40.0,-0.5490041633167102
20,True,False,50.0,-0.5380603871277893
20,True,False,60.0,-0.5349824168258155
20,True,False,70.0,-0.5779904302869303
20,True,False,80.0,-0.5763793872084598
20,True,False,90.0,-0.5814482146016103
20,True,False,100.0,-0.5593883770206345
20,True,False,110.0,-0.5385569839603144
20,True,False,120.0,-0.5348362967557935
20,True,False,130.0,-0.46829883124581173
20,True,False,140.0,-0.43932628436339227
20,True,False,150.0,-0.3492761338548048
20,True,False,160.0,-0.26994104113833484
20,True,False,170.0,-0.3200943293439239
20,True,True,0.0,-0.0013449737499265377
20,True,True,10.0,-0.046678035636722896
20,True,True,20.0,-0.05304716881926924
20,True,True,30.0,-0.05289634148724276
20,True,True,40.0,-0.04677198260499245
20,True,True,50.0,-0.056476220115468996
20,True,True,60.0,-0.061709451734464495
20,True,True,70.0,-0.09847298119323342
20,True,True,80.0,-0.09844910308063667
20,True,True,90.0,-0.09367103395025175
20,True,True,100.0,-0.05955299354972247
20,True,True,110.0,-0.0471590201793074
20,True,True,120.0,-0.049830515822974014
20,True,True,130.0,-0.016831505778692905
20,True,True,140.0,0.03976373206087896
20,True,True,150.0,0.02537418779183117
20,True,True,160.0,0.00011297622059754363
21,False,False,10.0,-0.03859527490575484
21,False,False,20.0,0.09563981184124784
21,False,False,30.0,0.07333446654220274
21,False,False,40.0,0.09207876033671641
21,False,False,50.0,0.07726074005568287
21,False,False,60.0,0.068966604574813
21,False,False,70.0,0.08977027135663368
21,False,False,80.0,0.10108288280088909
21,False,False,90.0,0.08348734057580554
21,False,False,100.0,0.0491821435004456
21,False,False,110.0,0.018027597883525447
21,False,False,120.0,-0.0033142451518872605
21,False,False,130.0,-0.03771072572162227
21,False,False,140.0,-0.08736850364865653
21,False,False,150.0,-0.16384128303362475
21,False,False,160.0,-0.20486900234093242
21,False,False,170.0,-0.3913990583584767
21,False,True,10.0,0.41885507104253955
21,False,True,20.0,0.37684720228249874
21,False,True,30.0,0.46057295210286375
21,False,True,40.0,0.4419236586690194
21,False,True,50.0,0.44741539044718603
21,False,True,60.0,0.4188451552432774
21,False,True,70.0,0.4981945532188439
21,False,True,80.0,0.5140577299565385
21,False,True,90.0,0.517051949527771
21,False,True,100.0,0.47716536103277435
21,False,True,110.0,0.46246653969478074
21,False,True,120.0,0.4419693501813243
21,False,True,130.0,0.44923143910080654
21,False,True,140.0,0.5381791458731746
21,False,True,150.0,0.46478479799830863
21,False,True,160.0,0.47526075922983635
21,True,False,10.0,-0.23505625642683678
21,True,False,20.0,-0.2792967035306039
21,True,False,30.0,-0.29074488670734294
21,True,False,40.0,-0.27894499572984527
21,True,False,50.0,-0.3139033032561937
21,True,False,60.0,-0.3243257422434883
21,True,False,70.0,-0.31130924753380856
21,True,False,80.0,-0.2745939549228098
21,True,False,90.0,-0.30243714677459727
21,True,False,100.0,-0.34758178601766576
21,True,False,110.0,-0.3833496418000952
21,True,False,120.0,-0.399755280424361
21,True,False,130.0,-0.40945523373482245
21,True,False,140.0,-0.4491158288323948
21,True,False,150.0,-0.5235449349447211
21,True,False,160.0,-0.4485562110807786
21,True,True,0.0,0.000841742308426642
21,True,True,10.0,0.028313092175063236
21,True,True,20.0,0.06688530915004351
21,True,True,30.0,0.0949862531233964
21,True,True,40.0,0.11613113803474902
21,True,True,50.0,0.10385830684230181
21,True,True,60.0,0.09994747604065726
21,True,True,70.0,0.10872201208787866
21,True,True,80.0,0.1191815143838147
21,True,True,90.0,0.10661294506584072
21,True,True,100.0,0.1009296422657844
21,True,True,110.0,0.05327743209329026
21,True,True,120.0,0.041001116087613206
21,True,True,130.0,0.03193396796858488
21,True,True,140.0,0.008755459828165764
21,True,True,150.0,0.028478440905026728
21,True,True,160.0,-0.09896856552257338
22,False,False,10.0,-0.11603046852587573
22,False,False,20.0,-0.211208513925006
22,False,False,30.0,-0.16230100644011944
22,False,False,40.0,-0.14819687068409537
22,False,False,50.0,-0.15773610884938624
22,False,False,60.0,-0.1528059885641699
22,False,False,70.0,-0.14240856311641234
22,False,False,80.0,-0.16460256361807613
22,False,False,90.0,-0.15107309770383806
22,False,False,100.0,-0.13795239092605374
22,False,False,110.0,-0.11755830735272885
22,False,False,120.0,-0.1007278033011602
22,False,False,130.0,-0.08574302994814796
22,False,False,140.0,-0.029898389938931694
22,False,False,150.0,0.10995188005837646
22,False,False,160.0,0.23380608890424331
22,False,False,170.0,0.2831579503709092
22,False,True,10.0,0.29465862013683136
22,False,True,20.0,0.36261827301531907
22,False,True,30.0,0.4129764559486521
22,False,True,40.0,0.377446750948572
22,False,True,50.0,0.37590013811002776
22,False,True,60.0,0.3894051369902114
22,False,True,70.0,0.3793616136616911
22,False,True,80.0,0.3826178968297298
22,False,True,90.0,0.40612887349362486
22,False,True,100.0,0.4296367599630047
22,False,True,110.0,0.45644839644415297
22,False,True,120.0,0.44900096829700187
22,False,True,130.0,0.41541074451297444
22,False,True,140.0,0.46326295538812445
22,False,True,150.0,0.5126962407499173
22,False,True,160.0,0.5431879619509601
22,False,True,170.0,0.7340318092568464
22,True,False,10.0,-0.4485076349740827
22,True,False,20.0,-0.5354285470125382
22,True,False,30.0,-0.5600838336591177
22,True,False,40.0,-0.60357036694356
22,True,False,50.0,-0.574878279156271
22,True,False,60.0,-0.5872063966628591
22,True,False,70.0,-0.5890479029228937
22,True,False,80.0,-0.5834726311684219
22,True,False,90.0,-0.5805683879487711
22,True,False,100.0,-0.5759154482208697
22,True,False,110.0,-0.5746281696389524
22,True,False,120.0,-0.5732911834490881
22,True,False,130.0,-0.5495899940991271
22,True,False,140.0,-0.5114374219571628
22,True,False,150.0,-0.5273438910275693
22,True,False,160.0,-0.3079180104667922
22,True,True,0.0,0.0002607828834901018
22,True,True,10.0,-0.008724065427555027
22,True,True,20.0,-0.01999862564291755
22,True,True,30.0,-0.06758256756997452
22,True,True,40.0,-0.06216422333295961
22,True,True,50.0,-0.06917332017678109
22,True,True,60.0,-0.028676010242140296
22,True,True,70.0,-0.04187782680378575
22,True,True,80.0,-0.0565164100605341
22,True,True,90.0,-0.048104953000886984
22,True,True,100.0,-0.018779793085739016
22,True,True,110.0,0.014974790584358386
22,True,True,120.0,0.020403931094896462
22,True,True,130.0,0.04034090385594187
22,True,True,140.0,0.05630396091480488
22,True,True,150.0,0.11342816073938586
22,True,True,160.0,0.06806837894943181
23,False,False,10.0,-0.1574672752901993
23,False,False,20.0,-0.07306041796265994
23,False,False,30.0,-0.08373576907895106
23,False,False,40.0,-0.0590217818934167
23,False,False,50.0,-0.04006393133419082
23,False,False,60.0,-0.045788920234900506
23,False,False,70.0,-0.02855192299367016
23,False,False,80.0,-0.020525770509242054
23,False,False,90.0,0.01285821385589174
23,False,False,100.0,0.03138592249692282
23,False,False,110.0,0.026887161355938553
23,False,False,120.0,0.014452403188170263
23,False,False,130.0,-0.01726930080691341
23,False,False,140.0,-0.03905861455262019
23,False,False,150.0,-0.17487931806339432
23,False,False,160.0,-0.2352111854680197
23,False,False,170.0,-0.019248101586791057
23,False,True,10.0,0.4098143568677263
23,False,True,20.0,0.48573452073832285
23,False,True,30.0,0.49621694661991983
23,False,True,40.0,0.5096695918990752
23,False,True,50.0,0.5194894123351498
23,False,True,60.0,0.5340995575013963
23,False,True,70.0,0.5411718901873863
23,False,True,80.0,0.5731850023429116
23,False,True,90.0,0.587127789614723
23,False,True,100.0,0.6002683965816943
23,False,True,110.0,0.5889015165431541
23,False,True,120.0,0.6090588233790838
23,False,True,130.0,0.6275484271933909
23,False,True,140.0,0.5498506340327414
23,False,True,150.0,0.5265333138281981
23,False,True,160.0,0.5210345474998428
23,False,True,170.0,0.3183098750378786
23,True,False,0.0,-0.6278700941413269
23,True,False,10.0,-0.5412906456337792
23,True,False,20.0,-0.5543262988397339
23,True,False,30.0,-0.5274938270635977
23,True,False,40.0,-0.515604849013741
23,True,False,50.0,-0.5049897901467971
23,True,False,60.0,-0.5005679273252303
23,True,False,70.0,-0.5126540606573164
23,True,False,80.0,-0.48748301345536804
23,True,False,90.0,-0.4774520908107573
23,True,False,100.0,-0.4802071129513921
23,True,False,110.0,-0.455093694295862
23,True,False,120.0,-0.4450983948909969
23,True,False,130.0,-0.4284723980955662
23,True,False,140.0,-0.4806705976938483
23,True,False,150.0,-0.542653723992234
23,True,False,160.0,-0.48139686625810457
23,True,False,170.0,-1.2428690936765376
23,True,True,0.0,0.0
23,True,True,10.0,0.028975734269734696
23,True,True,20.0,-0.005305281136278423
23,True,True,30.0,0.0163995263811439
23,True,True,40.0,0.030651247946828768
23,True,True,50.0,0.05437265742606474
23,True,True,60.0,0.05856697604393329
23,True,True,70.0,0.06813758983003433
23,True,True,80.0,0.06892556992142168
23,True,True,90.0,0.08703781881260207
23,True,True,100.0,0.08425439389298507
23,True,True,110.0,0.10739376266331523
23,True,True,120.0,0.11763094212596881
23,True,True,130.0,0.11828334874395241
23,True,True,140.0,0.15106864544480572
23,True,True,150.0,0.1756216804698122
23,True,True,160.0,0.09659783580145788
23,True,True,170.0,0.4965467283395945
